Record_ID,Date,Day,Month,Branch,Region,Store_Type,Staff_Count,Marketing_Spend,Customers,Orders,Average_Bill,Revenue,Food_Cost,Operating_Cost,Profit,Avg_Delivery_Min,Customer_Rating,Temperature_C,Humidity_Percent,Weather,Promotion
ST0001,2026-06-06,Saturday,June,Jaipur,North,Express,7,4977.25,172,135,375.75,66766.77,27954.29,46554.9,20211.87,29.0,4.44,20.8,70.3,Clear,None
ST0002,2026-02-10,Tuesday,February,Pune,West,Premium,14,8998.3,285,263,530.64,157230.89,63816.59,96813.95,60416.94,27.9,4.56,31.3,70.7,Clear,Loyalty Offer
ST0003,2026-03-07,Saturday,March,Delhi,North,Premium,16,10034.97,306,264,534.97,155811.96,54874.1,89888.91,65923.05,30.2,4.36,21.4,61.5,Clear,None
ST0004,2026-05-11,Monday,May,Mumbai,West,Standard,9,5095.84,198,167,370.05,80574.05,31429.44,53531.82,27042.23,21.7,4.65,22.9,40.4,Clear,None
ST0005,2026-01-14,Wednesday,January,Kochi,South,Express,9,6681.82,148,116,364.62,56579.89,21759.51,44376.25,12203.64,26.1,4.5,29.0,44.3,Clear,Combo Deal
ST0006,2026-06-09,Tuesday,June,Kochi,South,Standard,18,4687.76,214,168,341.96,81924.59,30841.04,63984.74,17939.85,20.4,4.34,28.7,37.8,Rain,Combo Deal
ST0007,2026-04-21,Tuesday,April,Delhi,North,Standard,13,1618.57,247,208,328.44,79082.15,32501.51,54498.37,24583.78,27.4,4.59,29.9,62.5,Hot,Loyalty Offer
ST0008,2026-06-29,Monday,June,Srinagar,North,Standard,14,5146.99,230,204,388.09,85207.79,27056.21,54100.96,31106.83,27.5,4.12,29.1,60.7,Clear,None
ST0009,2026-04-08,Wednesday,April,Hyderabad,South,Express,10,1777.67,173,157,395.08,71084.85,26511.31,44688.42,26396.43,31.8,4.45,29.5,69.4,Clear,Weekend Offer
ST0010,2026-05-29,Friday,May,Bengaluru,South,Premium,17,8679.18,328,278,502.18,159246.81,52868.37,86462.19,72784.62,29.6,4.4,38.7,59.8,Clear,Combo Deal
ST0011,2026-04-15,Wednesday,April,Bengaluru,South,Standard,8,4944.91,145,114,402.45,55114.29,17459.2,33748.0,21366.29,21.6,4.73,26.7,48.0,Rain,None
ST0012,2026-04-08,Wednesday,April,Hyderabad,South,Standard,8,6841.97,247,222,402.21,101404.63,38904.35,59886.83,41517.8,23.6,4.63,28.4,54.7,Clear,Weekend Offer
ST0013,2026-02-05,Thursday,February,Mumbai,West,Express,7,6039.7,178,157,309.77,61794.39,23724.33,46424.05,15370.34,30.3,4.36,33.6,63.9,Clear,Weekend Offer
ST0014,2026-04-22,Wednesday,April,Jaipur,North,Express,11,4406.05,120,106,266.28,30872.58,10827.09,37797.26,-6924.68,21.8,4.54,27.0,59.6,Clear,None
ST0015,2026-01-11,Sunday,January,Srinagar,North,Express,10,5155.05,175,150,392.47,72122.33,22441.51,44715.36,27406.97,32.0,4.25,26.4,59.3,Clear,None
ST0016,2026-02-13,Friday,February,Hyderabad,South,Premium,22,6712.98,315,293,454.01,143745.24,52188.89,88867.28,54877.96,21.9,4.59,28.8,48.3,Rain,Combo Deal
ST0017,2026-02-12,Thursday,February,Bengaluru,South,Premium,22,9774.75,259,207,445.7,114453.29,47399.11,82402.51,32050.78,27.7,4.27,28.2,56.2,Clear,None
ST0018,2026-06-20,Saturday,June,Hyderabad,South,Express,6,4920.7,151,127,253.26,39711.21,13410.61,31789.39,7921.82,27.3,4.41,27.4,59.0,Clear,None
ST0019,2026-01-22,Thursday,January,Kochi,South,Standard,9,5852.77,168,156,352.46,65419.26,23491.25,46987.12,18432.14,21.0,4.32,30.3,61.0,Clear,None
ST0020,2026-01-08,Thursday,January,Hyderabad,South,Standard,18,4164.85,179,144,437.37,79750.27,30399.81,54329.08,25421.19,21.2,4.47,17.9,74.5,Clear,None
ST0021,2026-05-30,Saturday,May,Bengaluru,South,Standard,16,3902.66,258,216,430.02,110897.45,44893.31,68397.41,42500.04,22.5,4.57,25.3,71.0,Rain,Loyalty Offer
ST0022,2026-04-18,Saturday,April,Bengaluru,South,Express,7,2594.77,201,169,303.71,60321.07,25205.39,39544.63,20776.44,32.8,4.4,21.6,68.9,Clear,Combo Deal
ST0023,2026-05-25,Monday,May,Jaipur,North,Standard,8,4522.38,184,158,338.33,67473.37,27907.75,44644.7,22828.67,34.5,4.36,31.6,30.5,Hot,None
ST0024,2026-01-17,Saturday,January,Bengaluru,South,Premium,22,9604.63,360,304,470.15,169357.16,61369.37,99788.86,69568.3,25.0,4.47,26.0,56.0,Clear,None
ST0025,2026-04-14,Tuesday,April,Delhi,North,Express,6,7268.15,94,82,343.25,32093.46,12256.87,32696.78,-603.32,20.9,4.79,30.7,66.5,Clear,None
ST0026,2026-06-08,Monday,June,Hyderabad,South,Standard,8,2665.06,171,151,443.63,84366.08,29490.6,45777.49,38588.59,24.9,4.8,28.0,69.3,Clear,Weekend Offer
ST0027,2026-02-17,Tuesday,February,Srinagar,North,Express,9,2876.36,95,85,325.85,35637.87,12915.0,34614.2,1023.67,22.2,4.49,34.5,79.3,Clear,None
ST0028,2026-01-21,Wednesday,January,Delhi,North,Standard,9,3914.82,235,205,418.95,97702.97,38507.98,58317.88,39385.09,31.0,4.09,36.5,65.2,Clear,Weekend Offer
ST0029,2026-05-27,Wednesday,May,Srinagar,North,Standard,8,8123.78,164,133,424.2,69193.11,26587.4,48497.98,20695.13,23.9,4.53,25.7,43.0,Hot,Weekend Offer
ST0030,2026-01-02,Friday,January,Hyderabad,South,Standard,10,6953.0,277,248,426.58,121326.26,43128.85,69808.01,51518.25,35.2,4.19,30.1,55.9,Cloudy,None
ST0031,2026-04-23,Thursday,April,Hyderabad,South,Standard,8,4373.75,195,156,456.28,91347.45,30080.91,47465.75,43881.7,27.6,4.69,25.7,37.8,Cloudy,None
ST0032,2026-05-03,Sunday,May,Jaipur,North,Standard,14,4544.56,239,221,335.32,79783.49,27977.98,54996.63,24786.86,27.7,4.21,29.5,54.0,Clear,None
ST0033,2026-02-05,Thursday,February,Bengaluru,South,Standard,15,5803.02,189,159,426.76,78384.64,30627.99,59476.99,18907.65,23.1,4.6,25.3,69.2,Clear,Loyalty Offer
ST0034,2026-06-22,Monday,June,Mumbai,West,Express,6,2649.78,117,99,306.41,38093.13,12486.82,27144.12,10949.01,21.8,4.59,26.2,73.5,Clear,None
ST0035,2026-06-06,Saturday,June,Srinagar,North,Standard,11,5174.46,282,221,384.42,106867.79,34726.46,57285.66,49582.13,28.0,4.44,23.9,50.3,Cloudy,Weekend Offer
ST0036,2026-03-31,Tuesday,March,Srinagar,North,Express,5,1249.44,143,115,330.92,41442.42,16992.65,31303.28,10139.14,25.3,4.42,25.3,74.3,Clear,None
ST0037,2026-01-15,Thursday,January,Pune,West,Standard,8,5834.79,197,174,327.23,70854.32,28316.98,50449.94,20404.38,30.5,4.22,21.5,35.4,Clear,Weekend Offer
ST0038,2026-03-07,Saturday,March,Mumbai,West,Express,7,6704.56,159,140,413.29,68568.12,24315.2,43988.92,24579.2,28.9,4.5,23.7,58.3,Rain,None
ST0039,2026-01-14,Wednesday,January,Jaipur,North,Standard,12,6082.5,218,203,381.64,79623.77,33389.66,55383.37,24240.4,28.2,4.28,28.7,95.0,Hot,None
ST0040,2026-04-30,Thursday,April,Mumbai,West,Express,5,5918.44,121,94,261.66,23560.23,8865.03,26502.62,-2942.39,27.5,4.36,28.6,42.8,Clear,None
ST0041,2026-06-14,Sunday,June,Delhi,North,Standard,10,6546.76,226,180,337.39,73724.8,23555.43,45738.82,27985.98,32.9,3.97,29.4,63.9,Clear,Weekend Offer
ST0042,2026-04-14,Tuesday,April,Pune,West,Standard,18,5998.61,222,184,498.63,110234.1,44833.16,73670.01,36564.09,15.8,4.67,30.0,61.8,Cloudy,Combo Deal
ST0043,2026-03-21,Saturday,March,Srinagar,North,Express,11,7909.44,214,185,257.54,52660.62,16358.52,42332.55,10328.07,22.6,4.48,22.7,53.7,Clear,None
ST0044,2026-03-02,Monday,March,Jaipur,North,Standard,15,5490.58,218,178,307.78,63450.46,22288.38,47700.76,15749.7,29.3,4.47,32.5,75.4,Hot,None
ST0045,2026-06-23,Tuesday,June,Srinagar,North,Standard,17,7117.64,220,203,337.92,78107.26,27179.12,63123.68,14983.58,24.2,4.32,29.6,48.2,Clear,Loyalty Offer
ST0046,2026-05-17,Sunday,May,Mumbai,West,Standard,18,5350.18,286,237,324.62,89589.85,29070.25,54658.08,34931.77,27.9,4.33,21.7,70.4,Clear,Combo Deal
ST0047,2026-01-26,Monday,January,Hyderabad,South,Express,11,5369.09,202,173,278.59,55411.29,17789.38,44089.76,11321.53,29.4,4.18,24.4,64.9,Rain,Weekend Offer
ST0048,2026-02-16,Monday,February,Srinagar,North,Express,6,5274.03,132,105,367.6,45129.44,17393.37,38071.81,7057.63,30.2,4.46,27.9,59.3,Cloudy,None
ST0049,2026-02-15,Sunday,February,Delhi,North,Express,6,4087.11,192,168,399.92,75082.1,29547.32,48689.49,26392.61,32.7,4.42,29.4,54.6,Hot,None
ST0050,2026-01-10,Saturday,January,Delhi,North,Standard,9,5811.53,228,196,438.51,97656.62,31102.8,55412.18,42244.44,22.9,4.63,29.8,79.0,Clear,None
ST0051,2026-01-25,Sunday,January,Delhi,North,Standard,11,4738.71,227,199,375.99,82989.94,27268.43,50397.68,32592.26,31.2,4.35,25.9,64.0,Clear,None
ST0052,2026-05-19,Tuesday,May,Jaipur,North,Standard,10,5292.75,176,147,420.77,78802.63,30616.97,51953.91,26848.72,22.0,4.42,24.3,46.5,Clear,Combo Deal
ST0053,2026-06-08,Monday,June,Kochi,South,Premium,18,7498.82,283,253,510.38,144779.02,60759.46,96063.41,48715.61,23.1,4.67,31.2,57.9,Hot,Loyalty Offer
ST0054,2026-02-05,Thursday,February,Srinagar,North,Premium,13,7218.43,264,241,469.01,125394.6,44507.22,71852.87,53541.73,24.7,4.38,26.8,69.3,Clear,None
ST0055,2026-03-08,Sunday,March,Delhi,North,Standard,18,2523.13,279,235,461.81,133587.87,46781.01,73046.11,60541.76,32.2,4.77,21.7,51.1,Hot,None
ST0056,2026-06-11,Thursday,June,Mumbai,West,Express,11,6832.07,188,174,253.22,43472.25,15020.8,39203.92,4268.33,21.8,4.33,27.2,73.7,Hot,Weekend Offer
ST0057,2026-05-07,Thursday,May,Srinagar,North,Express,9,6044.36,133,108,271.55,33108.79,12127.55,37469.6,-4360.81,23.2,4.44,31.4,67.3,Cloudy,Weekend Offer
ST0058,2026-06-21,Sunday,June,Jaipur,North,Standard,18,6213.64,251,215,347.09,85890.9,28426.76,58359.13,27531.77,29.3,4.28,19.5,65.1,Cloudy,None
ST0059,2026-05-21,Thursday,May,Srinagar,North,Premium,12,6427.64,255,221,519.25,129831.91,45747.66,70714.21,59117.7,30.8,4.2,29.1,49.4,Clear,Weekend Offer
ST0060,2026-03-09,Monday,March,Pune,West,Express,9,7278.64,155,133,296.13,51523.64,16869.48,42292.24,9231.4,19.5,4.53,37.7,64.7,Clear,Combo Deal
ST0061,2026-03-26,Thursday,March,Delhi,North,Premium,12,8372.39,296,255,560.95,168847.37,53610.5,83463.81,85383.56,32.0,4.35,23.1,62.1,Cloudy,Loyalty Offer
ST0062,2026-06-19,Friday,June,Jaipur,North,Express,7,3133.22,130,103,400.54,48739.73,15121.88,31786.67,16953.06,22.6,4.23,34.9,82.1,Cloudy,Weekend Offer
ST0063,2026-01-11,Sunday,January,Pune,West,Standard,14,6421.07,314,275,365.48,116701.67,47478.51,80048.41,36653.26,30.4,4.37,28.8,74.2,Clear,Combo Deal
ST0064,2026-02-18,Wednesday,February,Kochi,South,Standard,10,5118.0,200,173,304.75,60000.92,23398.39,45285.2,14715.72,35.1,4.3,31.1,50.6,Hot,Loyalty Offer
ST0065,2026-01-20,Tuesday,January,Srinagar,North,Standard,18,5391.31,240,218,525.11,120549.17,42392.53,68024.72,52524.45,27.4,4.61,25.1,79.7,Rain,None
ST0066,2026-03-01,Sunday,March,Mumbai,West,Premium,18,9629.95,354,293,451.12,158943.97,53594.1,92233.04,66710.93,29.7,4.43,27.8,45.5,Rain,None
ST0067,2026-03-20,Friday,March,Srinagar,North,Standard,12,2134.18,202,167,371.57,63787.41,20016.41,41271.94,22515.47,28.0,4.48,32.1,25.0,Rain,None
ST0068,2026-06-26,Friday,June,Srinagar,North,Standard,13,5221.5,223,184,381.71,84370.92,29547.23,56412.94,27957.98,18.2,4.85,28.1,80.4,Clear,Combo Deal
ST0069,2026-01-23,Friday,January,Delhi,North,Express,7,3358.9,120,104,279.84,37934.31,14599.69,32380.14,5554.17,26.4,4.47,33.2,63.8,Rain,Weekend Offer
ST0070,2026-02-10,Tuesday,February,Bengaluru,South,Express,11,4863.4,202,163,318.07,69380.68,28479.97,53918.49,15462.19,21.9,4.52,28.3,51.6,Clear,Combo Deal
ST0071,2026-06-23,Tuesday,June,Hyderabad,South,Express,7,3326.85,117,93,337.29,45365.82,15424.6,34165.92,11199.9,23.1,4.53,31.4,76.0,Clear,None
ST0072,2026-05-15,Friday,May,Mumbai,West,Express,6,877.42,189,166,298.81,53387.14,21248.98,34360.65,19026.49,21.8,4.6,21.4,86.9,Clear,Loyalty Offer
ST0073,2026-02-18,Wednesday,February,Bengaluru,South,Standard,12,4437.76,233,192,476.71,116788.38,43455.83,65121.81,51666.57,27.9,4.09,19.2,33.1,Rain,Combo Deal
ST0074,2026-02-21,Saturday,February,Hyderabad,South,Standard,12,3887.0,321,283,493.54,163752.8,58245.95,86572.52,77180.28,28.2,4.28,22.2,69.6,Clear,Weekend Offer
ST0075,2026-04-13,Monday,April,Delhi,North,Premium,20,7664.49,262,214,563.46,155171.99,64224.25,96667.64,58504.35,16.3,4.88,25.6,51.1,Clear,Combo Deal
ST0076,2026-01-20,Tuesday,January,Mumbai,West,Standard,12,5054.01,221,195,414.22,94061.38,31219.56,54581.65,39479.73,19.4,4.61,19.9,58.4,Rain,None
ST0077,2026-01-19,Monday,January,Pune,West,Standard,11,8430.75,226,196,395.19,88234.38,27467.25,52508.38,35726.0,36.6,4.45,27.5,64.7,Clear,Weekend Offer
ST0078,2026-02-24,Tuesday,February,Bengaluru,South,Standard,18,805.37,185,146,400.93,77200.16,25774.33,51387.8,25812.36,25.6,4.58,27.4,61.9,Clear,None
ST0079,2026-02-27,Friday,February,Bengaluru,South,Premium,19,7533.52,328,289,485.95,160201.7,54947.89,91554.21,68647.49,23.2,4.67,28.7,57.9,Clear,Weekend Offer
ST0080,2026-01-19,Monday,January,Mumbai,West,Standard,14,870.78,182,164,442.71,87202.61,34230.93,58940.85,28261.76,16.2,4.77,33.4,66.9,Clear,None
ST0081,2026-02-16,Monday,February,Pune,West,Standard,14,3336.93,207,174,371.08,84271.28,26493.33,49524.37,34746.91,24.0,4.66,31.9,64.7,Cloudy,Combo Deal
ST0082,2026-01-07,Wednesday,January,Bengaluru,South,Express,7,5965.57,123,97,272.49,29495.71,11568.17,31073.93,-1578.22,25.8,4.38,29.2,64.6,Clear,None
ST0083,2026-03-10,Tuesday,March,Kochi,South,Standard,17,7099.64,198,179,449.18,91440.42,34743.03,63475.31,27965.11,16.0,4.35,28.2,76.2,Clear,None
ST0084,2026-03-28,Saturday,March,Jaipur,North,Express,11,4668.84,236,215,429.41,103394.18,40392.85,64560.28,38833.9,29.9,4.23,21.4,43.6,Clear,None
ST0085,2026-03-20,Friday,March,Delhi,North,Standard,11,3656.73,153,137,376.59,62785.83,19770.29,41220.22,21565.61,18.6,4.9,27.7,57.8,Cloudy,None
ST0086,2026-04-28,Tuesday,April,Srinagar,North,Premium,22,7175.43,301,273,621.69,194018.92,69882.27,111489.14,82529.78,17.4,4.34,35.7,59.4,Clear,Weekend Offer
ST0087,2026-03-13,Friday,March,Mumbai,West,Standard,13,5500.78,206,183,370.48,77370.34,29788.55,59050.66,18319.68,22.5,4.33,20.5,65.2,Rain,None
ST0088,2026-03-02,Monday,March,Hyderabad,South,Express,7,5025.28,173,137,284.75,57281.16,20511.27,38615.26,18665.9,22.5,4.59,29.9,59.9,Clear,Weekend Offer
ST0089,2026-05-16,Saturday,May,Jaipur,North,Express,10,5382.85,207,190,390.46,82115.39,28205.68,53569.06,28546.33,23.0,4.83,29.1,63.6,Cloudy,None
ST0090,2026-02-21,Saturday,February,Srinagar,North,Standard,18,3622.36,272,230,410.06,114423.53,41127.01,65405.5,49018.03,19.2,4.58,28.8,46.4,Clear,Combo Deal
ST0091,2026-03-11,Wednesday,March,Kochi,South,Express,11,4291.98,102,86,337.84,37830.8,15423.76,36614.76,1216.04,21.3,4.47,24.1,77.3,Clear,Loyalty Offer
ST0092,2026-02-11,Wednesday,February,Hyderabad,South,Express,8,5289.14,149,134,351.39,45045.98,18312.79,34899.1,10146.88,23.5,4.6,32.5,60.9,Clear,None
ST0093,2026-04-24,Friday,April,Hyderabad,South,Standard,12,1821.99,223,180,414.99,99009.56,39637.08,61555.51,37454.05,28.4,4.12,24.6,58.2,Cloudy,Combo Deal
ST0094,2026-02-27,Friday,February,Delhi,North,Standard,9,5751.23,172,155,337.41,58344.19,21719.65,40675.69,17668.5,24.7,4.63,27.1,56.0,Cloudy,None
ST0095,2026-01-01,Thursday,January,Kochi,South,Standard,10,2650.23,183,152,392.79,76114.92,28579.07,46211.78,29903.14,20.3,4.63,31.2,71.5,Clear,None
ST0096,2026-05-31,Sunday,May,Bengaluru,South,Standard,11,5046.26,214,192,327.04,66281.72,24012.66,47714.91,18566.81,24.7,4.53,34.1,50.6,Clear,None
ST0097,2026-04-06,Monday,April,Jaipur,North,Standard,17,8905.03,303,257,394.21,117533.52,48474.7,82995.2,34538.32,25.4,4.82,27.3,54.6,Clear,Combo Deal
ST0098,2026-06-13,Saturday,June,Mumbai,West,Standard,16,4006.62,264,225,427.36,116936.47,45144.05,74578.63,42357.84,33.5,4.23,26.5,57.5,Clear,Weekend Offer
ST0099,2026-02-16,Monday,February,Srinagar,North,Standard,9,5173.73,191,158,379.88,78444.64,29409.63,48210.86,30233.78,33.8,4.28,24.4,95.0,Clear,Weekend Offer
ST0100,2026-06-14,Sunday,June,Mumbai,West,Standard,18,6557.73,266,212,399.1,103906.77,42398.07,74553.44,29353.33,23.5,4.74,22.8,66.3,Clear,None
ST0101,2026-05-20,Wednesday,May,Pune,West,Standard,12,5198.46,193,176,422.59,77468.92,25669.88,48788.01,28680.91,20.6,4.43,24.8,74.6,Cloudy,None
ST0102,2026-06-24,Wednesday,June,Mumbai,West,Express,11,4297.33,202,170,275.42,61084.16,23494.25,46306.35,14777.81,27.1,4.3,32.3,55.1,Clear,Combo Deal
ST0103,2026-02-27,Friday,February,Pune,West,Standard,11,2899.47,184,156,391.79,75997.62,25659.18,50599.79,25397.83,28.7,4.47,28.4,36.5,Cloudy,None
ST0104,2026-05-26,Tuesday,May,Srinagar,North,Standard,18,5442.45,241,209,445.82,111015.98,36420.79,69868.55,41147.43,27.8,4.29,24.0,51.4,Rain,None
ST0105,2026-05-16,Saturday,May,Pune,West,Standard,14,1553.56,219,191,456.76,93102.62,30921.78,53115.92,39986.7,27.9,4.6,22.5,80.2,Clear,None
ST0106,2026-01-31,Saturday,January,Bengaluru,South,Standard,12,6176.61,269,250,281.16,75187.93,26316.51,47746.22,27441.71,28.4,4.36,30.6,50.7,Hot,Weekend Offer
ST0107,2026-04-06,Monday,April,Kochi,South,Premium,13,10494.49,300,277,538.21,157318.88,58122.45,89243.64,68075.24,32.2,3.91,29.5,52.6,Rain,None
ST0108,2026-05-01,Friday,May,Bengaluru,South,Express,6,5586.52,118,106,374.97,44344.7,16530.37,32028.49,12316.21,31.4,4.36,19.3,66.4,Clear,Combo Deal
ST0109,2026-06-27,Saturday,June,Pune,West,Standard,15,4559.02,258,229,494.05,125291.66,46991.99,72894.19,52397.47,26.3,4.88,22.5,84.3,Clear,None
ST0110,2026-03-20,Friday,March,Hyderabad,South,Express,8,3210.99,140,111,271.41,41480.89,17417.35,34831.87,6649.02,24.3,4.92,25.3,27.5,Clear,None
ST0111,2026-03-15,Sunday,March,Hyderabad,South,Standard,14,5560.08,268,231,297.43,82435.81,26532.25,56291.55,26144.26,28.8,4.26,27.8,67.2,Clear,Combo Deal
ST0112,2026-06-28,Sunday,June,Kochi,South,Premium,22,8655.67,340,306,545.05,181338.86,68845.65,102296.43,79042.43,20.4,4.16,31.3,67.5,Cloudy,Loyalty Offer
ST0113,2026-01-21,Wednesday,January,Kochi,South,Express,6,4835.35,136,124,301.66,38910.0,13087.44,32253.1,6656.9,23.2,4.42,32.6,68.3,Cloudy,Loyalty Offer
ST0114,2026-06-02,Tuesday,June,Delhi,North,Standard,8,9091.09,193,161,325.19,50232.11,16508.96,39480.76,10751.35,24.9,4.43,31.9,43.9,Clear,None
ST0115,2026-02-15,Sunday,February,Hyderabad,South,Standard,15,5682.51,237,187,335.72,75357.63,29869.6,53870.51,21487.12,31.6,4.51,32.9,36.3,Clear,None
ST0116,2026-02-24,Tuesday,February,Jaipur,North,Standard,14,2528.13,181,145,425.69,79862.08,31651.54,55462.51,24399.57,26.7,4.51,26.0,72.1,Clear,None
ST0117,2026-06-17,Wednesday,June,Jaipur,North,Standard,12,7842.48,256,236,325.14,93103.28,37957.54,63363.68,29739.6,37.2,4.23,25.1,56.3,Clear,None
ST0118,2026-06-20,Saturday,June,Hyderabad,South,Premium,20,9921.31,332,267,531.45,172369.58,60046.72,98693.91,73675.67,26.6,4.48,31.2,74.1,Hot,None
ST0119,2026-04-07,Tuesday,April,Mumbai,West,Standard,16,7718.08,222,180,364.56,71637.11,22935.51,52892.57,18744.54,19.4,4.32,22.7,55.7,Clear,Combo Deal
ST0120,2026-02-11,Wednesday,February,Mumbai,West,Express,5,5049.28,142,132,341.35,51986.29,21791.24,38601.29,13385.0,33.2,4.4,26.7,71.1,Hot,Combo Deal
ST0121,2026-04-26,Sunday,April,Hyderabad,South,Standard,15,5631.1,285,235,271.92,78312.54,31194.68,59604.35,18708.19,30.4,4.13,32.7,45.6,Clear,None
ST0122,2026-05-26,Tuesday,May,Jaipur,North,Premium,24,10090.65,268,251,623.28,158717.65,62482.94,101710.25,57007.4,22.7,4.79,33.1,52.5,Clear,None
ST0123,2026-05-20,Wednesday,May,Mumbai,West,Express,5,3885.07,95,82,328.67,30627.55,12519.92,28985.46,1642.09,18.1,4.27,32.4,83.0,Clear,Weekend Offer
ST0124,2026-03-29,Sunday,March,Jaipur,North,Standard,12,5202.79,284,233,375.44,103245.25,33274.24,57948.28,45296.97,22.6,4.57,27.3,66.3,Clear,Weekend Offer
ST0125,2026-03-18,Wednesday,March,Kochi,South,Standard,9,5162.2,216,183,425.16,93893.58,37683.44,57185.24,36708.34,31.6,4.26,27.6,65.4,Cloudy,Combo Deal
ST0126,2026-04-11,Saturday,April,Bengaluru,South,Standard,15,3858.48,279,238,394.02,105284.07,41274.53,69939.18,35344.89,31.5,4.55,26.8,69.6,Hot,None
ST0127,2026-02-28,Saturday,February,Hyderabad,South,Standard,17,6451.06,224,204,405.91,87011.85,31528.68,66331.18,20680.67,18.2,4.96,23.5,84.1,Clear,None
ST0128,2026-02-15,Sunday,February,Pune,West,Standard,8,4511.83,286,248,387.79,115067.61,39341.74,58474.52,56593.09,28.8,4.51,23.1,45.2,Hot,None
ST0129,2026-01-30,Friday,January,Jaipur,North,Express,9,5869.22,152,134,449.43,65732.15,26196.77,49873.84,15858.31,20.7,4.49,25.6,35.9,Clear,Weekend Offer
ST0130,2026-04-07,Tuesday,April,Srinagar,North,Standard,12,5769.22,183,162,353.85,65150.19,23614.88,48131.65,17018.54,25.3,4.09,34.3,47.1,Clear,Weekend Offer
ST0131,2026-02-28,Saturday,February,Jaipur,North,Standard,9,5347.51,320,268,408.73,128169.47,41268.8,65440.44,62729.03,38.3,4.46,22.5,36.6,Clear,Weekend Offer
ST0132,2026-01-15,Thursday,January,Pune,West,Express,9,5675.87,135,125,398.43,57102.53,21364.7,40069.32,17033.21,29.7,4.58,30.9,62.8,Cloudy,None
ST0133,2026-05-26,Tuesday,May,Kochi,South,Standard,11,5785.33,198,186,336.04,60228.67,21184.66,46137.85,14090.82,32.8,4.27,27.3,75.5,Cloudy,Combo Deal
ST0134,2026-01-25,Sunday,January,Bengaluru,South,Express,5,8162.86,216,191,233.99,47143.12,15408.46,35710.28,11432.84,32.5,4.43,31.8,33.9,Clear,Weekend Offer
ST0135,2026-01-13,Tuesday,January,Jaipur,North,Premium,15,3823.94,257,202,456.67,108915.91,41853.2,66945.14,41970.77,20.9,4.49,14.6,55.8,Rain,None
ST0136,2026-02-27,Friday,February,Bengaluru,South,Standard,9,4351.24,227,207,286.01,67103.82,21321.25,38587.35,28516.47,33.1,4.22,35.6,47.7,Clear,None
ST0137,2026-06-05,Friday,June,Delhi,North,Standard,11,7031.92,207,165,365.57,71708.43,23988.38,51865.39,19843.04,25.1,4.29,25.5,39.0,Clear,None
ST0138,2026-02-19,Thursday,February,Srinagar,North,Express,8,5395.43,183,149,314.45,51839.99,19723.48,38137.38,13702.61,33.7,4.39,29.7,61.4,Clear,Combo Deal
ST0139,2026-03-11,Wednesday,March,Mumbai,West,Standard,14,4940.18,238,218,338.73,77815.72,28312.49,54593.14,23222.58,26.4,4.4,34.7,68.5,Clear,Weekend Offer
ST0140,2026-03-31,Tuesday,March,Pune,West,Express,10,5788.88,173,158,395.82,59324.16,19179.76,41659.03,17665.13,22.6,4.94,32.5,65.9,Rain,Combo Deal
ST0141,2026-04-14,Tuesday,April,Srinagar,North,Premium,23,9422.46,297,254,555.6,155660.59,64980.23,108718.66,46941.93,22.2,4.5,26.4,72.4,Clear,None
ST0142,2026-06-22,Monday,June,Hyderabad,South,Premium,14,6144.89,318,295,450.09,133622.46,54700.83,82188.3,51434.16,20.5,4.29,28.9,55.1,Clear,Weekend Offer
ST0143,2026-06-23,Tuesday,June,Srinagar,North,Express,11,3766.23,161,126,374.38,64694.67,23963.59,46216.2,18478.47,29.3,4.51,32.5,50.2,Cloudy,Weekend Offer
ST0144,2026-04-20,Monday,April,Mumbai,West,Premium,13,6921.51,237,194,593.38,143953.79,56310.25,88439.39,55514.4,28.8,4.33,29.8,57.0,Clear,None
ST0145,2026-03-09,Monday,March,Delhi,North,Express,7,3677.2,111,98,411.37,44522.74,14441.54,31804.29,12718.45,21.0,4.86,29.8,64.8,Hot,None
ST0146,2026-02-16,Monday,February,Mumbai,West,Express,8,6528.12,137,115,355.35,41580.09,15200.43,34283.4,7296.69,25.3,4.54,29.4,73.3,Clear,Weekend Offer
ST0147,2026-06-30,Tuesday,June,Kochi,South,Express,8,2969.92,133,109,266.26,35776.85,14423.87,30425.58,5351.27,27.6,4.26,22.2,37.2,Clear,None
ST0148,2026-01-14,Wednesday,January,Hyderabad,South,Express,5,4722.52,120,100,450.46,55376.18,20931.38,39127.75,16248.43,24.3,4.59,26.8,44.7,Clear,None
ST0149,2026-06-21,Sunday,June,Jaipur,North,Standard,11,4843.73,271,235,398.14,101591.44,31876.07,52540.46,49050.98,21.4,4.68,19.0,50.0,Hot,Weekend Offer
ST0150,2026-01-14,Wednesday,January,Pune,West,Standard,14,5837.67,201,172,460.97,93546.64,34965.21,62222.45,31324.19,23.9,4.32,27.3,59.8,Rain,None
ST0151,2026-03-12,Thursday,March,Mumbai,West,Express,8,5695.51,180,160,247.92,47002.72,15347.06,39655.62,7347.1,28.9,4.7,33.5,72.5,Clear,Weekend Offer
ST0152,2026-06-22,Monday,June,Bengaluru,South,Standard,15,5259.94,182,146,275.05,47040.04,15085.88,44425.84,2614.2,20.0,4.61,36.8,74.9,Cloudy,None
ST0153,2026-04-15,Wednesday,April,Pune,West,Premium,14,8582.91,226,192,554.47,135658.65,51064.76,85201.94,50456.71,20.1,4.54,28.0,51.8,Rain,Combo Deal
ST0154,2026-04-27,Monday,April,Jaipur,North,Express,11,9432.27,215,175,300.75,70383.47,26742.38,54986.58,15396.89,27.2,4.8,33.6,82.8,Cloudy,Weekend Offer
ST0155,2026-05-05,Tuesday,May,Bengaluru,South,Premium,19,8134.28,253,218,538.63,142945.02,54761.43,93149.81,49795.21,27.9,4.26,37.4,83.5,Cloudy,None
ST0156,2026-01-28,Wednesday,January,Kochi,South,Premium,15,9108.32,246,218,497.38,121689.13,45137.54,79909.35,41779.78,27.3,4.31,24.1,43.5,Clear,Loyalty Offer
ST0157,2026-05-31,Sunday,May,Hyderabad,South,Premium,22,8130.55,345,301,535.53,182861.79,64223.2,105256.8,77604.99,26.6,4.65,34.1,71.1,Cloudy,Weekend Offer
ST0158,2026-01-17,Saturday,January,Jaipur,North,Express,6,5612.06,203,173,261.56,54603.87,20842.22,37700.9,16902.97,30.8,4.67,31.1,63.2,Cloudy,None
ST0159,2026-05-30,Saturday,May,Bengaluru,South,Standard,16,1291.58,272,227,484.7,138315.76,56656.71,85439.14,52876.62,21.2,4.9,33.9,32.1,Clear,None
ST0160,2026-02-18,Wednesday,February,Bengaluru,South,Premium,12,9708.55,270,244,493.97,132460.68,44655.6,70319.34,62141.34,34.7,4.22,25.1,49.0,Clear,None
ST0161,2026-02-01,Sunday,February,Kochi,South,Standard,10,6291.17,239,207,370.33,85157.95,32167.65,51859.23,33298.72,24.3,4.32,27.4,76.9,Rain,Combo Deal
ST0162,2026-01-28,Wednesday,January,Srinagar,North,Express,11,5969.24,185,162,262.64,44060.47,17478.49,39648.26,4412.21,25.3,4.68,28.8,75.2,Clear,None
ST0163,2026-02-03,Tuesday,February,Hyderabad,South,Express,6,7344.08,150,122,366.97,50530.72,17001.98,39826.13,10704.59,21.2,4.5,25.6,50.8,Clear,None
ST0164,2026-03-23,Monday,March,Hyderabad,South,Standard,8,3557.24,194,159,465.88,88452.01,30854.05,48669.6,39782.41,19.4,4.32,33.7,75.5,Hot,Loyalty Offer
ST0165,2026-06-15,Monday,June,Srinagar,North,Standard,8,4135.71,212,171,352.29,66552.56,23923.11,44960.05,21592.51,35.8,4.32,30.9,77.1,Clear,Combo Deal
ST0166,2026-04-07,Tuesday,April,Mumbai,West,Standard,8,7136.89,191,149,328.27,57086.89,19747.38,43463.62,13623.27,25.2,4.21,26.3,46.2,Clear,None
ST0167,2026-05-03,Sunday,May,Pune,West,Standard,15,3833.58,241,188,337.55,78697.61,24468.78,50082.36,28615.25,23.5,4.59,21.0,70.0,Cloudy,None
ST0168,2026-02-17,Tuesday,February,Hyderabad,South,Premium,22,10659.63,274,215,475.9,135901.35,42412.75,81100.86,54800.49,13.9,4.66,25.3,95.0,Cloudy,None
ST0169,2026-05-03,Sunday,May,Srinagar,North,Standard,11,4415.93,221,177,410.68,92162.41,28847.22,52329.58,39832.83,20.6,4.83,20.7,43.6,Cloudy,None
ST0170,2026-03-08,Sunday,March,Pune,West,Express,9,4101.59,192,166,315.22,59387.73,23752.23,40425.7,18962.03,21.7,4.68,29.7,56.7,Rain,None
ST0171,2026-06-20,Saturday,June,Srinagar,North,Express,9,1985.82,194,166,364.78,71260.91,28293.71,44361.89,26899.02,23.6,4.71,24.2,68.0,Cloudy,Weekend Offer
ST0172,2026-01-31,Saturday,January,Kochi,South,Premium,20,8935.01,347,320,487.19,171167.06,53298.04,86203.09,84963.97,29.5,4.67,29.1,56.0,Clear,None
ST0173,2026-02-28,Saturday,February,Jaipur,North,Standard,13,5672.84,250,210,442.08,109278.84,36484.02,60999.33,48279.51,25.8,4.4,24.5,64.4,Clear,Weekend Offer
ST0174,2026-01-22,Thursday,January,Jaipur,North,Standard,8,5197.21,223,204,352.21,80762.01,27668.67,47891.62,32870.39,24.9,4.35,29.2,64.3,Rain,Combo Deal
ST0175,2026-05-30,Saturday,May,Pune,West,Premium,18,7241.94,322,264,463.71,145135.08,51122.61,79956.34,65178.74,27.0,4.62,27.8,42.6,Clear,None
ST0176,2026-04-07,Tuesday,April,Bengaluru,South,Express,7,6657.0,142,126,364.25,52756.98,21399.03,41139.95,11617.03,23.3,4.12,31.7,79.1,Hot,None
ST0177,2026-02-21,Saturday,February,Bengaluru,South,Express,7,4936.54,175,158,351.17,53269.72,21354.28,41906.44,11363.28,31.0,4.15,22.2,70.1,Hot,None
ST0178,2026-06-19,Friday,June,Jaipur,North,Express,6,1704.52,165,152,395.57,58056.42,20626.5,36235.49,21820.93,30.5,4.35,25.8,73.0,Cloudy,Combo Deal
ST0179,2026-01-30,Friday,January,Srinagar,North,Standard,10,6157.24,183,161,346.39,64339.05,23499.54,47078.76,17260.29,24.2,4.94,21.4,68.7,Cloudy,Weekend Offer
ST0180,2026-02-03,Tuesday,February,Hyderabad,South,Standard,18,4662.06,209,191,357.91,71433.57,24855.27,53516.64,17916.93,26.1,4.32,24.6,75.2,Clear,None
ST0181,2026-06-10,Wednesday,June,Jaipur,North,Standard,9,6808.43,238,202,291.81,70416.07,23774.83,48182.19,22233.88,30.3,4.76,27.9,64.7,Rain,Weekend Offer
ST0182,2026-03-08,Sunday,March,Bengaluru,South,Standard,10,1662.58,249,207,375.62,102203.82,34891.1,53736.05,48467.77,24.0,4.36,26.5,90.8,Clear,Combo Deal
ST0183,2026-02-25,Wednesday,February,Srinagar,North,Standard,8,4644.04,220,184,307.13,74221.13,23696.64,42203.41,32017.72,26.1,4.42,30.9,82.1,Clear,Combo Deal
ST0184,2026-05-24,Sunday,May,Delhi,North,Premium,15,11784.96,329,295,550.18,181345.22,59868.57,92249.03,89096.19,23.4,4.39,24.1,59.3,Clear,None
ST0185,2026-04-06,Monday,April,Pune,West,Standard,8,1977.32,183,161,398.37,64724.03,26985.74,47146.09,17577.94,24.4,4.8,30.5,75.8,Clear,None
ST0186,2026-05-18,Monday,May,Jaipur,North,Standard,8,7180.59,234,196,349.36,85956.09,31762.19,55155.44,30800.65,21.9,4.45,27.7,59.1,Rain,None
ST0187,2026-02-25,Wednesday,February,Pune,West,Standard,16,4030.76,265,248,357.44,92862.56,33733.21,62612.98,30249.58,24.9,4.37,26.8,68.7,Cloudy,Weekend Offer
ST0188,2026-02-23,Monday,February,Hyderabad,South,Express,7,6472.78,157,131,354.35,50117.16,16522.88,36924.11,13193.05,35.7,4.2,20.4,77.4,Cloudy,None
ST0189,2026-04-25,Saturday,April,Hyderabad,South,Express,11,4530.86,187,161,213.94,42600.11,14122.42,36540.89,6059.22,28.9,4.29,27.8,68.2,Rain,Weekend Offer
ST0190,2026-01-01,Thursday,January,Srinagar,North,Standard,9,4864.32,175,148,433.6,79088.66,26863.22,48287.96,30800.7,20.4,4.43,31.0,42.9,Clear,Loyalty Offer
ST0191,2026-02-04,Wednesday,February,Srinagar,North,Standard,8,4917.42,189,157,344.81,62422.68,23878.71,42922.36,19500.32,24.2,4.68,31.4,59.2,Clear,None
ST0192,2026-03-08,Sunday,March,Hyderabad,South,Standard,17,6038.22,248,214,420.3,103398.75,39540.56,69277.95,34120.8,24.0,4.32,33.6,72.3,Cloudy,None
ST0193,2026-04-27,Monday,April,Kochi,South,Express,10,2797.0,177,145,304.21,50426.52,20005.11,39783.72,10642.8,27.0,4.38,23.1,69.5,Clear,None
ST0194,2026-01-20,Tuesday,January,Kochi,South,Standard,11,8600.27,188,176,382.37,71483.76,29813.1,56338.98,15144.78,22.3,4.53,30.5,74.7,Cloudy,None
ST0195,2026-02-07,Saturday,February,Mumbai,West,Standard,12,5799.87,320,280,268.99,86261.57,36224.65,62843.52,23418.05,28.8,4.53,31.7,67.8,Clear,Weekend Offer
ST0196,2026-03-10,Tuesday,March,Pune,West,Standard,18,4757.58,235,209,374.79,87271.96,33805.06,60344.51,26927.45,21.8,4.44,34.4,48.1,Cloudy,None
ST0197,2026-06-27,Saturday,June,Bengaluru,South,Express,9,3875.03,163,130,260.46,43106.67,17105.71,35582.91,7523.76,26.4,4.38,26.1,55.7,Cloudy,None
ST0198,2026-02-04,Wednesday,February,Pune,West,Standard,17,6240.23,267,248,354.25,88564.97,28875.43,62658.47,25906.5,27.5,4.47,30.9,45.5,Rain,Combo Deal
ST0199,2026-03-22,Sunday,March,Pune,West,Express,7,7498.41,185,163,262.77,47231.76,17981.75,41516.59,5715.17,29.2,4.57,19.0,61.9,Clear,Loyalty Offer
ST0200,2026-03-14,Saturday,March,Hyderabad,South,Express,9,7499.16,204,188,305.89,67365.38,27390.85,50867.18,16498.2,24.1,4.21,28.5,80.3,Clear,Combo Deal
ST0201,2026-06-18,Thursday,June,Pune,West,Express,6,4188.86,131,105,180.0,34073.79,13250.65,33960.09,113.7,25.7,4.57,29.9,37.1,Clear,Combo Deal
ST0202,2026-04-03,Friday,April,Hyderabad,South,Standard,15,3674.67,212,184,362.04,71598.55,27444.32,56541.84,15056.71,19.6,4.79,23.5,88.7,Clear,Combo Deal
ST0203,2026-06-07,Sunday,June,Mumbai,West,Standard,11,7409.62,262,242,403.2,107851.34,40881.77,68339.68,39511.66,36.7,4.09,31.1,52.4,Cloudy,Weekend Offer
ST0204,2026-04-13,Monday,April,Kochi,South,Express,11,1784.42,149,130,223.97,37261.31,13592.81,33679.0,3582.31,21.8,4.47,29.2,60.4,Cloudy,None
ST0205,2026-04-19,Sunday,April,Bengaluru,South,Premium,22,4726.21,360,283,513.19,187875.32,71088.73,107452.65,80422.67,29.9,4.36,26.3,63.3,Cloudy,Loyalty Offer
ST0206,2026-03-23,Monday,March,Bengaluru,South,Premium,15,7616.17,319,253,435.29,139566.27,49152.11,77926.36,61639.91,24.9,4.68,24.3,32.2,Cloudy,Combo Deal
ST0207,2026-04-01,Wednesday,April,Jaipur,North,Standard,12,6382.55,245,227,392.63,91039.09,37766.07,63660.2,27378.89,22.7,4.28,17.5,31.5,Clear,None
ST0208,2026-06-15,Monday,June,Kochi,South,Standard,18,5915.12,214,197,399.72,84103.74,34132.06,64308.69,19795.05,30.3,4.6,31.0,53.2,Clear,Weekend Offer
ST0209,2026-05-23,Saturday,May,Mumbai,West,Premium,18,9185.41,295,267,433.99,121734.56,47374.88,83517.99,38216.57,29.9,4.15,39.6,50.7,Clear,None
ST0210,2026-04-30,Thursday,April,Srinagar,North,Standard,8,1591.32,209,170,363.26,67014.97,27692.81,41721.22,25293.75,27.8,4.2,30.4,83.1,Clear,None
ST0211,2026-05-21,Thursday,May,Srinagar,North,Standard,15,5433.39,227,193,396.63,90021.53,28689.74,58938.79,31082.74,24.0,4.61,18.7,57.4,Cloudy,None
ST0212,2026-03-26,Thursday,March,Srinagar,North,Standard,13,3022.2,188,168,451.85,78743.5,30678.46,55328.73,23414.77,22.8,4.78,27.8,67.4,Cloudy,None
ST0213,2026-02-25,Wednesday,February,Delhi,North,Standard,16,6721.57,261,220,394.97,102430.14,40207.72,71779.2,30650.94,22.5,4.58,24.6,75.1,Clear,Loyalty Offer
ST0214,2026-04-13,Monday,April,Mumbai,West,Premium,16,7360.25,262,211,553.07,149972.5,56917.57,91116.65,58855.85,28.8,4.24,20.3,75.5,Hot,None
ST0215,2026-06-21,Sunday,June,Delhi,North,Standard,16,4658.78,272,239,352.56,95759.13,32234.87,61857.98,33901.15,21.4,4.9,23.1,44.5,Clear,Loyalty Offer
ST0216,2026-01-26,Monday,January,Kochi,South,Express,9,6406.59,121,110,352.47,50160.38,18145.43,40485.94,9674.44,26.4,4.64,31.1,68.0,Clear,None
ST0217,2026-06-05,Friday,June,Delhi,North,Express,6,5497.82,123,104,363.18,42029.65,16265.07,34247.91,7781.74,24.6,4.47,35.3,48.2,Cloudy,Combo Deal
ST0218,2026-03-10,Tuesday,March,Bengaluru,South,Standard,12,6320.52,172,155,444.86,79563.07,25506.19,52518.93,27044.14,31.4,4.24,33.3,48.6,Hot,None
ST0219,2026-01-20,Tuesday,January,Hyderabad,South,Standard,11,4881.56,170,152,356.72,63869.24,23486.84,48793.1,15076.14,21.2,4.58,27.4,78.6,Hot,None
ST0220,2026-05-15,Friday,May,Kochi,South,Express,10,6386.44,176,145,377.71,67690.74,27227.87,52264.84,15425.9,28.7,4.36,27.7,69.3,Clear,Loyalty Offer
ST0221,2026-03-18,Wednesday,March,Kochi,South,Standard,9,6036.57,173,157,506.68,91069.73,37697.66,59894.26,31175.47,25.1,4.76,37.5,42.7,Clear,None
ST0222,2026-01-23,Friday,January,Kochi,South,Standard,14,4038.99,191,168,491.87,98478.59,32962.63,58682.11,39796.48,22.8,4.65,22.7,58.3,Clear,None
ST0223,2026-04-21,Tuesday,April,Hyderabad,South,Premium,14,9005.13,297,245,544.08,154289.03,56233.08,85506.23,68782.8,34.6,4.07,27.9,56.1,Hot,None
ST0224,2026-04-01,Wednesday,April,Jaipur,North,Standard,10,7155.33,241,213,463.74,111078.83,44967.92,67626.17,43452.66,26.4,4.36,18.8,42.1,Clear,Combo Deal
ST0225,2026-06-13,Saturday,June,Kochi,South,Express,11,7206.88,215,173,442.31,91755.1,31310.14,56689.36,35065.74,27.6,3.76,30.0,70.3,Clear,None
ST0226,2026-02-09,Monday,February,Pune,West,Standard,9,4017.01,209,190,391.68,81642.86,28406.22,45846.13,35796.73,29.3,4.42,35.6,57.8,Clear,None
ST0227,2026-02-04,Wednesday,February,Mumbai,West,Standard,15,5351.64,204,179,409.76,86537.65,34835.9,59926.16,26611.49,24.9,4.6,26.0,51.3,Clear,Weekend Offer
ST0228,2026-04-09,Thursday,April,Pune,West,Standard,14,5926.97,238,199,478.48,114505.28,41952.4,69941.68,44563.6,26.1,4.66,26.0,75.3,Cloudy,None
ST0229,2026-06-03,Wednesday,June,Jaipur,North,Premium,19,8289.59,291,246,606.34,174574.92,66783.95,104208.09,70366.83,25.4,4.74,32.8,73.5,Cloudy,None
ST0230,2026-04-29,Wednesday,April,Mumbai,West,Standard,18,1988.01,221,172,330.54,69875.01,25807.44,50383.43,19491.58,22.3,4.42,29.9,57.1,Clear,Combo Deal
ST0231,2026-02-24,Tuesday,February,Hyderabad,South,Standard,12,6603.84,170,140,443.8,80219.31,33236.68,57647.89,22571.42,21.5,4.42,16.9,60.4,Rain,Combo Deal
ST0232,2026-01-25,Sunday,January,Mumbai,West,Express,7,6572.34,212,182,318.85,69628.0,23782.94,46449.16,23178.84,37.3,4.28,32.6,25.2,Cloudy,Combo Deal
ST0233,2026-04-18,Saturday,April,Mumbai,West,Standard,10,725.35,234,186,390.36,88665.0,33451.37,51069.99,37595.01,25.2,4.69,26.2,68.5,Clear,None
ST0234,2026-03-16,Monday,March,Srinagar,North,Standard,14,4957.42,207,187,330.28,74374.38,30947.1,55296.36,19078.02,24.4,4.58,22.2,30.5,Clear,Combo Deal
ST0235,2026-04-30,Thursday,April,Bengaluru,South,Standard,9,2175.17,210,168,231.28,56907.29,19229.13,38515.86,18391.43,26.8,4.56,29.3,85.9,Rain,Loyalty Offer
ST0236,2026-01-05,Monday,January,Kochi,South,Standard,10,8052.88,179,151,353.83,64818.03,23170.93,47587.86,17230.17,22.7,4.53,18.8,60.7,Rain,None
ST0237,2026-06-11,Thursday,June,Jaipur,North,Express,8,5988.47,135,116,215.9,31295.28,10868.86,31629.75,-334.47,19.7,4.58,14.5,60.7,Clear,None
ST0238,2026-04-24,Friday,April,Bengaluru,South,Express,7,4378.33,158,139,336.16,54298.71,21528.51,42920.79,11377.92,24.1,4.55,22.3,77.5,Clear,None
ST0239,2026-03-14,Saturday,March,Kochi,South,Standard,10,1743.0,280,248,292.35,77111.85,25327.76,45721.45,31390.4,30.5,4.2,24.9,38.9,Rain,Weekend Offer
ST0240,2026-05-06,Wednesday,May,Kochi,South,Express,8,3481.83,151,127,259.17,38971.84,16073.88,36629.16,2342.68,22.6,4.14,31.0,61.4,Cloudy,Weekend Offer
ST0241,2026-05-13,Wednesday,May,Srinagar,North,Premium,21,5603.13,282,245,504.75,147560.97,53107.41,86918.23,60642.74,24.0,4.59,23.9,57.2,Rain,Combo Deal
ST0242,2026-03-11,Wednesday,March,Kochi,South,Standard,11,5923.47,221,187,473.01,101298.06,35363.95,58323.89,42974.17,27.4,4.51,26.7,64.8,Hot,Loyalty Offer
ST0243,2026-04-23,Thursday,April,Jaipur,North,Standard,18,4617.79,267,250,373.66,89541.07,33766.21,63670.75,25870.32,24.8,4.63,20.4,57.9,Clear,None
ST0244,2026-05-22,Friday,May,Bengaluru,South,Standard,15,2199.46,191,176,293.19,56668.16,21455.23,48441.75,8226.41,26.1,4.53,31.6,71.9,Clear,None
ST0245,2026-04-02,Thursday,April,Srinagar,North,Express,8,2045.35,184,150,304.8,49786.07,17456.85,32900.76,16885.31,28.8,4.21,31.8,57.9,Clear,Combo Deal
ST0246,2026-01-23,Friday,January,Delhi,North,Express,11,6191.15,144,133,374.82,53521.84,17818.79,41781.97,11739.87,17.7,4.54,27.3,59.9,Cloudy,None
ST0247,2026-05-15,Friday,May,Srinagar,North,Premium,19,7582.5,339,293,562.77,193782.79,75447.9,106765.62,87017.17,23.3,4.63,25.9,48.4,Clear,Weekend Offer
ST0248,2026-04-26,Sunday,April,Mumbai,West,Express,11,4934.09,204,173,338.47,68533.42,25755.43,52422.78,16110.64,29.2,4.28,24.3,70.5,Rain,Weekend Offer
ST0249,2026-05-23,Saturday,May,Hyderabad,South,Standard,10,4197.3,239,200,372.52,86050.28,34076.7,54871.66,31178.62,26.4,4.47,22.0,56.3,Clear,None
ST0250,2026-01-06,Tuesday,January,Kochi,South,Standard,17,4793.36,209,167,378.16,77940.72,25505.54,57851.79,20088.93,16.2,4.73,24.0,56.0,Clear,None
ST0251,2026-05-21,Thursday,May,Kochi,South,Express,5,8229.86,245,206,389.15,90478.16,35552.08,54599.25,35878.91,33.8,4.23,24.0,73.3,Clear,Loyalty Offer
ST0252,2026-01-03,Saturday,January,Srinagar,North,Express,11,6938.22,219,201,255.18,52564.99,17979.99,46865.6,5699.39,22.9,4.52,30.3,81.6,Clear,None
ST0253,2026-03-27,Friday,March,Hyderabad,South,Standard,13,5076.01,184,159,376.95,73825.49,26113.05,52295.65,21529.84,22.3,4.83,25.2,50.4,Rain,None
ST0254,2026-02-19,Thursday,February,Mumbai,West,Standard,10,7075.85,205,170,369.1,76639.19,26780.44,53994.92,22644.27,29.2,4.83,35.1,64.8,Clear,None
ST0255,2026-06-13,Saturday,June,Jaipur,North,Standard,8,5698.24,290,250,303.77,86819.33,32956.11,53253.43,33565.9,35.5,4.32,23.5,44.7,Cloudy,Weekend Offer
ST0256,2026-06-02,Tuesday,June,Bengaluru,South,Express,5,2091.33,106,86,256.09,20540.76,7262.01,20782.38,-241.62,26.5,4.57,19.7,85.9,Hot,None
ST0257,2026-02-20,Friday,February,Pune,West,Express,11,8539.71,144,130,320.34,48817.55,15677.48,41757.35,7060.2,26.9,4.21,36.7,73.4,Cloudy,Loyalty Offer
ST0258,2026-01-31,Saturday,January,Bengaluru,South,Premium,23,6571.4,360,316,458.69,150377.76,55227.78,98969.22,51408.54,26.1,4.63,33.0,46.3,Cloudy,None
ST0259,2026-03-29,Sunday,March,Hyderabad,South,Premium,21,6055.52,339,278,497.92,168395.04,59431.39,90827.69,77567.35,26.6,4.39,32.8,48.2,Clear,None
ST0260,2026-05-09,Saturday,May,Jaipur,North,Standard,13,4313.82,249,214,387.2,102344.34,39739.66,63118.15,39226.19,31.0,4.21,26.6,45.4,Cloudy,None
ST0261,2026-05-21,Thursday,May,Delhi,North,Standard,18,4878.55,271,250,337.68,95273.88,37160.01,71338.3,23935.58,28.8,4.29,28.0,74.1,Rain,None
ST0262,2026-04-27,Monday,April,Srinagar,North,Standard,17,5374.33,248,213,368.22,98450.29,33094.74,57128.68,41321.61,26.7,4.42,30.3,63.6,Cloudy,None
ST0263,2026-01-24,Saturday,January,Bengaluru,South,Standard,8,6204.7,295,272,383.21,112710.54,40177.66,62560.0,50150.54,30.0,4.57,26.8,66.2,Clear,None
ST0264,2026-02-20,Friday,February,Srinagar,North,Premium,22,7558.27,289,251,457.41,134053.32,49055.73,88130.16,45923.16,22.7,4.37,24.6,65.7,Clear,None
ST0265,2026-05-08,Friday,May,Srinagar,North,Standard,13,6302.03,243,206,500.22,119785.34,49121.76,77123.53,42661.81,19.6,4.45,15.9,82.7,Cloudy,Weekend Offer
ST0266,2026-02-10,Tuesday,February,Delhi,North,Standard,16,6119.42,229,208,366.87,81811.05,25805.99,58442.46,23368.59,21.7,4.5,29.6,76.1,Cloudy,None
ST0267,2026-01-18,Sunday,January,Hyderabad,South,Standard,11,4424.74,247,231,439.87,107344.57,44154.66,63890.69,43453.88,32.3,4.49,34.1,59.0,Rain,Weekend Offer
ST0268,2026-06-19,Friday,June,Kochi,South,Express,7,5171.59,152,121,499.11,76868.44,30870.29,49749.85,27118.59,23.6,4.65,16.6,76.1,Hot,Weekend Offer
ST0269,2026-02-25,Wednesday,February,Jaipur,North,Standard,9,5147.07,169,158,475.82,84165.85,33622.26,58363.22,25802.63,33.1,4.37,30.2,61.9,Clear,None
ST0270,2026-04-03,Friday,April,Jaipur,North,Standard,15,2685.05,216,173,385.77,77436.37,26938.58,53022.62,24413.75,24.5,4.3,36.4,76.0,Clear,Loyalty Offer
ST0271,2026-02-28,Saturday,February,Delhi,North,Express,10,3887.28,180,141,284.55,54777.88,21335.52,42833.63,11944.25,27.7,4.36,26.1,36.9,Cloudy,None
ST0272,2026-03-12,Thursday,March,Srinagar,North,Standard,14,6114.17,227,195,483.33,112829.12,39732.12,64161.53,48667.59,31.3,4.38,27.3,44.8,Cloudy,None
ST0273,2026-03-04,Wednesday,March,Kochi,South,Premium,20,7596.31,313,256,484.07,150469.48,51561.95,87745.81,62723.67,30.3,4.41,33.6,52.9,Cloudy,Loyalty Offer
ST0274,2026-04-27,Monday,April,Pune,West,Express,5,4784.5,170,156,320.28,56179.45,19717.14,38257.03,17922.42,27.4,4.62,27.8,44.5,Cloudy,Loyalty Offer
ST0275,2026-03-31,Tuesday,March,Kochi,South,Premium,13,6452.17,243,225,394.17,94646.67,33838.13,62858.16,31788.51,31.7,4.64,26.9,60.4,Clear,None
ST0276,2026-03-26,Thursday,March,Mumbai,West,Standard,13,3972.51,257,202,460.89,121183.19,47033.66,74873.57,46309.62,28.7,4.38,25.6,65.1,Cloudy,Weekend Offer
ST0277,2026-04-06,Monday,April,Pune,West,Premium,12,6464.91,265,227,554.21,146765.7,50513.56,75402.88,71362.82,26.2,4.31,25.4,58.4,Rain,None
ST0278,2026-06-25,Thursday,June,Kochi,South,Standard,10,1235.13,160,148,374.65,59287.52,19398.4,40675.25,18612.27,25.0,4.28,26.1,50.3,Rain,None
ST0279,2026-01-11,Sunday,January,Srinagar,North,Premium,20,10345.25,323,252,542.61,174925.93,71321.37,109296.76,65629.17,33.7,4.63,24.4,84.8,Clear,None
ST0280,2026-05-03,Sunday,May,Srinagar,North,Standard,17,5144.23,232,206,421.51,94247.05,36667.72,62998.42,31248.63,29.7,4.3,30.5,85.2,Cloudy,None
ST0281,2026-03-13,Friday,March,Pune,West,Standard,10,5437.52,200,166,358.87,71156.83,22466.05,44574.3,26582.53,18.3,4.6,30.7,62.7,Cloudy,None
ST0282,2026-06-17,Wednesday,June,Bengaluru,South,Standard,18,5250.81,192,156,347.08,62245.95,23348.94,54424.65,7821.3,17.6,4.41,29.0,58.0,Clear,None
ST0283,2026-03-17,Tuesday,March,Bengaluru,South,Standard,18,3678.79,183,155,426.4,75638.34,29625.81,59037.78,16600.56,30.7,4.36,31.3,49.3,Clear,None
ST0284,2026-06-28,Sunday,June,Kochi,South,Standard,17,4151.38,241,213,368.91,86046.74,33660.33,61704.32,24342.42,26.6,4.37,33.4,43.1,Clear,None
ST0285,2026-05-20,Wednesday,May,Bengaluru,South,Standard,8,8238.24,190,154,450.47,92472.67,29864.7,53784.55,38688.12,33.3,4.25,26.1,52.3,Rain,Weekend Offer
ST0286,2026-03-06,Friday,March,Jaipur,North,Standard,11,6249.0,263,219,403.81,116026.72,37412.54,61809.7,54217.02,28.1,4.52,18.0,52.8,Rain,Weekend Offer
ST0287,2026-01-30,Friday,January,Jaipur,North,Standard,15,4723.9,179,144,413.82,73375.86,25899.93,54427.19,18948.67,22.2,4.52,29.5,42.9,Clear,None
ST0288,2026-02-23,Monday,February,Hyderabad,South,Standard,10,6081.15,205,187,341.62,59356.68,22667.24,41811.37,17545.31,30.7,4.15,30.7,78.0,Clear,Combo Deal
ST0289,2026-02-21,Saturday,February,Pune,West,Premium,15,8554.35,288,269,537.28,153566.74,61703.98,96132.23,57434.51,27.7,4.39,26.6,56.9,Clear,Weekend Offer
ST0290,2026-01-04,Sunday,January,Kochi,South,Standard,9,3779.4,221,190,443.98,90406.5,34428.43,53214.94,37191.56,24.6,4.17,25.0,68.4,Clear,None
ST0291,2026-01-15,Thursday,January,Mumbai,West,Standard,8,4378.21,181,146,317.77,62331.14,23373.28,41166.83,21164.31,24.3,4.51,21.5,43.9,Cloudy,None
ST0292,2026-04-17,Friday,April,Kochi,South,Standard,14,4207.71,215,175,449.98,98053.65,35987.43,61409.14,36644.51,26.7,4.49,21.3,50.8,Clear,Combo Deal
ST0293,2026-04-13,Monday,April,Srinagar,North,Express,5,6757.48,173,138,212.77,32536.79,13380.81,29646.68,2890.11,31.9,4.21,19.0,75.3,Clear,None
ST0294,2026-03-21,Saturday,March,Kochi,South,Standard,12,5263.56,261,244,355.03,91645.27,36746.32,60984.46,30660.81,29.3,4.32,27.7,70.0,Clear,Weekend Offer
ST0295,2026-04-25,Saturday,April,Bengaluru,South,Standard,16,4335.89,251,216,384.32,97217.43,35396.11,65395.68,31821.75,19.9,4.63,21.8,79.0,Clear,None
ST0296,2026-06-27,Saturday,June,Delhi,North,Standard,16,7582.77,245,227,356.51,85493.69,35763.23,64267.49,21226.2,28.3,4.37,29.6,90.1,Rain,None
ST0297,2026-01-01,Thursday,January,Mumbai,West,Express,8,6437.07,208,168,336.96,64288.36,26153.28,45541.76,18746.6,32.7,4.34,33.4,59.0,Clear,Combo Deal
ST0298,2026-04-25,Saturday,April,Jaipur,North,Standard,10,7647.07,258,234,340.39,77624.06,28332.34,53073.2,24550.86,27.3,4.37,31.0,69.8,Clear,Loyalty Offer
ST0299,2026-06-12,Friday,June,Kochi,South,Standard,13,10442.5,243,203,385.51,93565.88,35124.56,66535.3,27030.58,26.9,4.44,35.8,70.3,Clear,Weekend Offer
ST0300,2026-02-09,Monday,February,Pune,West,Express,8,1430.43,77,71,254.0,24442.3,10001.44,26048.32,-1606.02,24.8,4.57,23.5,63.6,Cloudy,None
ST0301,2026-06-05,Friday,June,Bengaluru,South,Standard,9,6116.84,201,164,389.6,80179.67,32110.1,54854.35,25325.32,27.0,4.75,22.6,70.0,Cloudy,None
ST0302,2026-04-09,Thursday,April,Mumbai,West,Standard,9,5302.97,212,172,383.45,83484.37,33726.98,56683.14,26801.23,29.9,4.36,28.8,76.4,Cloudy,Loyalty Offer
ST0303,2026-02-02,Monday,February,Mumbai,West,Standard,15,7765.82,280,223,354.25,89799.26,28735.87,60675.12,29124.14,25.9,4.51,39.6,68.0,Cloudy,Loyalty Offer
ST0304,2026-03-07,Saturday,March,Mumbai,West,Express,6,2908.87,168,145,370.76,67202.04,21408.77,35098.17,32103.87,22.5,4.55,22.9,35.3,Clear,None
ST0305,2026-02-12,Thursday,February,Jaipur,North,Standard,15,2908.42,252,199,593.23,150558.12,59342.05,89238.28,61319.84,20.8,4.38,37.8,50.4,Hot,Combo Deal
ST0306,2026-05-21,Thursday,May,Jaipur,North,Standard,11,2353.72,212,176,313.43,66758.85,24838.85,48653.1,18105.75,22.3,4.41,37.1,69.1,Clear,None
ST0307,2026-04-16,Thursday,April,Kochi,South,Premium,16,10141.79,297,278,549.39,162285.76,54188.66,88717.04,73568.72,24.9,4.92,29.0,59.2,Cloudy,Combo Deal
ST0308,2026-02-10,Tuesday,February,Delhi,North,Standard,8,5260.73,199,164,428.49,87475.36,31284.68,49882.46,37592.9,22.8,4.44,25.7,66.4,Clear,None
ST0309,2026-06-12,Friday,June,Jaipur,North,Express,9,4309.99,133,120,215.17,32910.34,12648.99,33144.65,-234.31,25.0,4.64,19.8,89.2,Clear,None
ST0310,2026-06-14,Sunday,June,Delhi,North,Express,9,7391.53,192,171,264.93,50568.06,16070.35,40862.49,9705.57,25.5,4.36,34.2,51.2,Clear,Weekend Offer
ST0311,2026-01-26,Monday,January,Kochi,South,Standard,11,4353.5,211,180,401.84,78484.92,28337.94,54907.14,23577.78,29.8,4.46,16.8,65.8,Rain,None
ST0312,2026-01-30,Friday,January,Jaipur,North,Standard,10,2392.23,187,162,388.71,79256.87,29865.33,47178.11,32078.76,29.4,4.24,30.9,51.8,Cloudy,None
ST0313,2026-05-09,Saturday,May,Mumbai,West,Standard,9,6207.28,249,232,506.03,131140.47,53232.2,78046.7,53093.77,25.2,4.54,27.4,68.7,Rain,Combo Deal
ST0314,2026-06-24,Wednesday,June,Jaipur,North,Standard,13,5263.14,197,178,402.96,81422.68,27175.74,52018.37,29404.31,22.3,4.73,37.9,34.8,Cloudy,None
ST0315,2026-03-16,Monday,March,Bengaluru,South,Standard,13,4429.55,211,188,405.28,86079.81,28557.41,52307.71,33772.1,20.4,4.6,30.9,82.0,Clear,None
ST0316,2026-03-02,Monday,March,Delhi,North,Express,5,7361.81,176,140,289.06,50394.32,18682.22,37535.31,12859.01,26.0,4.29,29.6,68.7,Cloudy,Combo Deal
ST0317,2026-04-12,Sunday,April,Kochi,South,Express,8,2703.08,156,144,368.87,53478.74,18082.91,36317.72,17161.02,26.7,4.25,25.0,52.6,Clear,None
ST0318,2026-03-17,Tuesday,March,Srinagar,North,Express,9,6815.27,182,164,370.04,71256.71,25130.98,45515.78,25740.93,27.0,4.71,27.6,50.9,Cloudy,None
ST0319,2026-06-16,Tuesday,June,Hyderabad,South,Express,6,4616.87,156,134,200.19,33314.71,10995.94,28097.91,5216.8,18.1,4.93,24.2,57.7,Clear,Weekend Offer
ST0320,2026-01-01,Thursday,January,Jaipur,North,Standard,16,7320.77,264,228,366.9,95277.37,34098.65,63018.68,32258.69,26.6,4.47,30.2,40.2,Rain,Combo Deal
ST0321,2026-06-02,Tuesday,June,Pune,West,Standard,8,7865.46,200,181,385.88,83856.99,29510.39,53169.48,30687.51,26.4,4.8,38.9,55.6,Clear,None
ST0322,2026-05-16,Saturday,May,Bengaluru,South,Standard,18,9071.49,275,250,393.87,101548.42,32495.31,62498.62,39049.8,26.1,4.52,26.9,50.1,Hot,None
ST0323,2026-06-03,Wednesday,June,Srinagar,North,Express,5,4722.93,109,92,339.89,40360.02,13642.67,27374.38,12985.64,28.1,4.55,27.0,80.3,Cloudy,None
ST0324,2026-03-28,Saturday,March,Delhi,North,Premium,21,6053.99,320,269,589.93,191425.08,75833.04,107679.12,83745.96,26.3,4.54,28.8,52.6,Rain,None
ST0325,2026-06-01,Monday,June,Delhi,North,Standard,8,2799.29,185,152,410.12,76351.34,29752.54,45776.38,30574.96,28.1,4.52,19.9,49.1,Clear,Weekend Offer
ST0326,2026-01-05,Monday,January,Pune,West,Express,8,5858.16,130,105,404.38,49184.39,18067.97,38398.73,10785.66,24.5,4.53,29.2,81.2,Cloudy,Combo Deal
ST0327,2026-01-12,Monday,January,Kochi,South,Standard,8,5190.22,251,198,399.86,104814.52,43069.49,63801.57,41012.95,27.4,4.63,31.1,77.3,Clear,None
ST0328,2026-01-24,Saturday,January,Jaipur,North,Standard,15,4633.91,272,247,392.22,95705.44,29682.14,54194.36,41511.08,25.5,4.62,34.5,67.2,Clear,None
ST0329,2026-06-17,Wednesday,June,Mumbai,West,Express,8,7006.62,202,181,440.82,84794.88,27386.83,48229.78,36565.1,29.1,4.6,22.3,58.0,Clear,Weekend Offer
ST0330,2026-03-30,Monday,March,Kochi,South,Express,6,7353.82,150,120,497.46,71564.75,25803.35,45868.71,25696.04,24.0,4.41,19.7,68.9,Hot,Weekend Offer
ST0331,2026-06-02,Tuesday,June,Srinagar,North,Standard,14,4963.24,231,192,408.21,95868.39,29771.01,60297.41,35570.98,23.6,4.66,28.4,83.6,Rain,None
ST0332,2026-01-12,Monday,January,Hyderabad,South,Standard,16,5573.45,229,182,324.04,73434.08,29446.16,55177.51,18256.57,24.1,4.65,41.2,67.0,Clear,Weekend Offer
ST0333,2026-01-05,Monday,January,Srinagar,North,Standard,17,6031.15,209,185,393.22,78971.92,30597.69,63124.49,15847.43,25.6,4.58,30.3,38.6,Clear,Weekend Offer
ST0334,2026-01-04,Sunday,January,Bengaluru,South,Premium,14,7729.46,360,334,544.52,186854.25,75946.59,107031.0,79823.25,29.5,4.72,22.6,49.6,Cloudy,Weekend Offer
ST0335,2026-04-28,Tuesday,April,Kochi,South,Express,10,4759.95,141,119,314.17,40185.29,14549.68,39495.38,689.91,19.5,4.63,33.4,62.3,Rain,Weekend Offer
ST0336,2026-02-22,Sunday,February,Kochi,South,Standard,14,1383.37,240,196,451.12,103158.2,41505.05,64946.75,38211.45,26.0,4.43,28.5,58.7,Clear,Weekend Offer
ST0337,2026-05-10,Sunday,May,Pune,West,Standard,14,6190.67,304,259,412.76,134176.64,50631.2,81853.12,52323.52,25.2,4.76,22.5,70.3,Cloudy,Weekend Offer
ST0338,2026-03-13,Friday,March,Bengaluru,South,Express,6,6157.72,158,139,337.69,57030.09,17903.43,39940.37,17089.72,26.4,4.46,23.9,54.2,Clear,Combo Deal
ST0339,2026-02-18,Wednesday,February,Delhi,North,Standard,12,3066.89,173,156,404.37,76428.34,29469.58,51256.48,25171.86,27.0,4.21,29.5,73.7,Hot,Weekend Offer
ST0340,2026-01-27,Tuesday,January,Jaipur,North,Standard,9,3530.97,226,212,402.75,94912.37,35302.41,53823.51,41088.86,30.5,4.2,20.6,61.2,Clear,Loyalty Offer
ST0341,2026-05-19,Tuesday,May,Srinagar,North,Standard,12,5932.59,231,213,380.23,86045.48,28722.38,53710.0,32335.48,25.3,4.75,26.4,62.0,Cloudy,None
ST0342,2026-02-28,Saturday,February,Srinagar,North,Standard,11,4954.63,234,184,383.52,84869.22,27364.57,54059.87,30809.35,30.1,4.38,35.1,82.8,Cloudy,None
ST0343,2026-02-17,Tuesday,February,Hyderabad,South,Premium,14,5032.77,261,230,480.64,129683.32,52064.16,77391.23,52292.09,26.7,4.28,22.0,63.5,Clear,Weekend Offer
ST0344,2026-03-22,Sunday,March,Bengaluru,South,Standard,12,5254.69,237,214,413.85,94642.59,32257.61,55652.02,38990.57,25.9,4.39,43.5,61.0,Clear,Combo Deal
ST0345,2026-05-01,Friday,May,Mumbai,West,Express,5,6095.3,181,153,303.89,49079.38,17077.06,38266.28,10813.1,29.8,4.32,26.2,58.9,Cloudy,Loyalty Offer
ST0346,2026-02-08,Sunday,February,Mumbai,West,Express,10,7389.17,202,164,322.03,56852.25,18863.88,43733.92,13118.33,27.2,4.63,28.9,64.6,Rain,None
ST0347,2026-06-05,Friday,June,Mumbai,West,Premium,12,8398.13,274,232,508.32,138198.35,50914.04,75370.62,62827.73,35.4,4.32,22.7,57.9,Rain,None
ST0348,2026-03-13,Friday,March,Bengaluru,South,Standard,16,2876.93,196,183,322.37,62974.97,23946.23,51377.97,11597.0,22.5,4.51,32.3,63.4,Clear,Combo Deal
ST0349,2026-03-10,Tuesday,March,Jaipur,North,Standard,9,4731.74,200,181,413.05,78451.05,26050.73,47400.29,31050.76,28.3,4.51,24.7,58.6,Clear,Loyalty Offer
ST0350,2026-02-03,Tuesday,February,Pune,West,Standard,16,7004.28,225,204,381.1,86122.21,28144.81,54734.11,31388.1,22.7,4.3,32.0,83.9,Clear,None
